P08243	A267V	0.5287	ambiguous
P08243	N75S	0.3977	ambiguous
P08243	T475N	0.4381	ambiguous
P08243	Y398S	0.3603	ambiguous
P08243	Y428C	0.4533	ambiguous
P08243	A380S	0.2278	benign
P08243	N80S	0.3009	benign
P08243	Y398C	0.1724	benign
P08243	A6E	0.992	pathogenic
P08243	D138A	0.9972	pathogenic
P08243	E389Q	0.9253	pathogenic
P08243	F123S	0.9313	pathogenic
P08243	F362V	0.7241	pathogenic
P08243	G254V	0.908	pathogenic
P08243	G289A	0.709	pathogenic
P08243	G366E	0.9964	pathogenic
P08243	G373V	0.9973	pathogenic
P08243	H205P	0.6953	pathogenic
P08243	H48Q	0.8532	pathogenic
P08243	L145S	0.8879	pathogenic
P08243	L247W	0.6385	pathogenic
P08243	L370F	0.8516	pathogenic
P08243	N75I	0.9806	pathogenic
P08243	R340H	0.9178	pathogenic
P08243	R404H	0.9469	pathogenic
P08243	R49Q	0.7735	pathogenic
P08243	R519H	0.7756	pathogenic
P08243	R550C	0.7701	pathogenic
P08243	R550H	0.7667	pathogenic
P08243	S263F	0.9957	pathogenic
P08243	S480F	0.8733	pathogenic
P08243	T337I	0.8501	pathogenic
P08243	T475I	0.7093	pathogenic
P08243	V133Q	0.983	pathogenic
P08243	V243A	0.7264	pathogenic
P08243	V489D	0.8666	pathogenic
